"Name","Parents"
"DC Statehood","Washington D.C."
"AI Cost/benefit",""
"Puerto Rico Statehood","Puerto Rico"
"Student Loan Forgiveness",""
"Non animal products called milk",""
"Farm subsidies for not farming",""
"Geoengineering",""
"Homeless crisis solutions",""
"Solar Geoengineering",""
"programming",""
"ruby",""
"NICE!",""
"Geothermal power",""
"Break even point for electric car purchase",""
"Homelessness",""
"1920s",""
"1950s",""
"1960s",""
"1970s",""
"1980s",""
"1990s",""
"2000s",""
"2010s",""
"Elections","Politics"
"U.S. Presidential Elections","Elections"
"2012 Election","U.S. Presidential Elections"
"2016 Election","U.S. Presidential Elections"
"2020 Election","U.S. Presidential Elections"
"2020s",""
"9/11",""
"Abortion",""
"Abuse",""
"Academia",""
"Accidents",""
"Acting",""
"Activism",""
"Actor",""
"Addiction",""
"Adolescence",""
"Adoption",""
"Adventure",""
"Advertising",""
"Afghanistan War","Afghanistan"
"Africa","Location"
"Aging",""
"Agriculture",""
"Aids",""
"Airplane",""
"Al Qaeda",""
"Alabama","U.S. State"
"Alaska","U.S. State"
"Alcohol",""
"Alcoholism",""
"Alt Right",""
"Amazon",""
"Americas",""
"Anger",""
"Animal Cruelty",""
"Animals",""
"Antarctica","Country"
"Anthropology",""
"Anxiety",""
"Apocalypse",""
"Apple",""
"Arab Spring","Middle East"
"Archaeology",""
"Architecture",""
"Arctic",""
"Arson",""
"Art",""
"Art World",""
"Artificial Intelligence",""
"Artist",""
"Arts &Amp; Culture",""
"Asia","Location"
"Asian American",""
"Assassination",""
"Assisted Suicide",""
"Asylum",""
"Atlanta",""
"Autism",""
"Babies",""
"Baltimore","Maryland"
"Bank Robbery",""
"Banking",""
"Bankruptcy",""
"Barack Obama","People, U.S. President"
"Baseball","Sports"
"Basketball","Sports"
"Best Of 2010",""
"Best Of 2011",""
"Bicycling",""
"Bill Clinton","People"
"Billionaires",""
"Birds",""
"Birth",""
"Bitcoin","Cryptocurrency"
"Black Lives Matter",""
"Black Market",""
"Bob Dylan","People"
"Body",""
"Bogus Science",""
"Book Excerpt",""
"Books",""
"Border",""
"Border Patrol",""
"Boston","Massachusetts"
"Boston Bombing","Boston"
"Boxing",""
"Brain",""
"The Brain",""
"Britain","United Kingdom"
"Broadway",""
"Brooklyn","New York City"
"Business",""
"Buzzfeed",""
"Cancer",""
"Capitalism",""
"Cars",""
"Cartel Wars",""
"Catholic Church","Catholicism"
"Catholicism","Religion"
"Celebrity",""
"Censorship",""
"Character",""
"Cheating",""
"Chef",""
"Chess",""
"Chicago","Illinois"
"Chicken",""
"Child Abuse",""
"Childhood",""
"Children",""
"China","Country"
"Christianity",""
"CIA",""
"City",""
"Civil Rights Movement",""
"Civil War",""
"Class",""
"Classical Music",""
"Climate Change",""
"Coaching",""
"Cocaine",""
"Coffee",""
"Cold Case",""
"Cold War",""
"Collections",""
"College",""
"College Basketball","Basketball"
"College Football",""
"Colonialism",""
"Comedian",""
"Comedy",""
"Comics",""
"Commencement Addresses",""
"Communication",""
"Communism",""
"Con Man",""
"Concussions",""
"Congress",""
"Conservation",""
"Conspiracy Theory",""
"Cooking",""
"Coronavirus",""
"Corruption",""
"Country Music",""
"Court System",""
"Covid 19",""
"Creative Process",""
"Creativity",""
"Crime",""
"Criminal Justice",""
"Criminal Justice System",""
"Cruise Ship",""
"Cryptocurrency",""
"Cult",""
"Culture",""
"Currency",""
"Cycling","Sports, Transportation"
"Dallas","Texas"
"Dance",""
"Dating",""
"David Foster Wallace",""
"Death",""
"Death Penalty",""
"Debt",""
"Deportation",""
"Depression",""
"Design",""
"Detective",""
"Detroit","Michigan"
"Directors",""
"Disability",""
"Disappearance",""
"Disaster",""
"Disease",""
"Disney",""
"Divorce",""
"Doctors",""
"Documentary Film",""
"Dogs",""
"Domestic Violence",""
"U.S. President",""
"Donald Trump","People, U.S. President"
"Dot Coms",""
"Drone Warfare",""
"Drones",""
"Drug Addiction",""
"Drug Dealing",""
"Drug Empires",""
"Drug Smuggling",""
"Drug War",""
"Drugs",""
"Early Computing",""
"Earthquake",""
"Ecology",""
"Economics",""
"Economy",""
"Editors Pick",""
"Education",""
"Edward Snowden",""
"Election 2016",""
"Elon Musk",""
"Endangered Species",""
"England",""
"Entrepreneurs",""
"Environment",""
"Environmentalism",""
"ESPN",""
"Essay",""
"Ethics",""
"Europe","Location"
"Evangelical Christianity",""
"Evolution",""
"Exonerated",""
"Extortion",""
"Fabulist",""
"Facebook",""
"Failure",""
"Fake News",""
"Fame",""
"Family",""
"Famous Stories",""
"Fantasy Literature",""
"Farming",""
"Fascism",""
"Fashion",""
"Fast Food",""
"Fatherhood",""
"Fathers And Sons",""
"FBI",""
"Fear",""
"Feminism",""
"Ferguson","Missouri"
"Fiction",""
"Film",""
"Filmmaker",""
"Finance",""
"Financial Crash",""
"Fine Art",""
"Fire",""
"First Person",""
"Fishing",""
"Folly",""
"Food",""
"Food Industry",""
"Football",""
"Forensic Science",""
"Fox News",""
"France","Country"
"Fraud",""
"Friendship",""
"Futurism",""
"Gadgets",""
"Gambling",""
"Games",""
"Gaming",""
"Gang",""
"Gawker",""
"Gay","Homosexuality"
"Gay Marriage",""
"Gay Rights",""
"Gender",""
"Genetics",""
"Genocide",""
"Gentrification",""
"George W. Bush","People"
"Ghosts",""
"Global Warming",""
"Gold",""
"Golf",""
"Google",""
"Gossip",""
"Government",""
"Grief",""
"Growing Up",""
"Guantanamo Bay","Location"
"Guide",""
"Gun Control",""
"Gun Violence",""
"Guns",""
"Hacking",""
"Harvard",""
"Harvey Weinstein",""
"Hate Crime",""
"HBO",""
"Health Care",""
"Healthcare",""
"Hedge Fund",""
"Heists",""
"Heroin",""
"High School",""
"High School Football","High School Sports"
"High School Sports","High School"
"Higher Education",""
"Hiking",""
"Hillary Clinton",""
"Hip Hop",""
"History",""
"HIV",""
"Hoax",""
"Hockey",""
"Holidays",""
"Hollywood","California"
"Holocaust",""
"Home",""
"Homeless",""
"Homosexuality",""
"Hong Kong","Country"
"Horror",""
"Horse Racing",""
"Hostage",""
"Housing",""
"Hunting",""
"Ice",""
"Identity",""
"Illness",""
"Immigrants",""
"Immigration",""
"Indie Rock",""
"Indigenous People",""
"Infidelity",""
"Infinity",""
"Informant",""
"Infrastructure",""
"Instagram",""
"International Economies",""
"International Politics",""
"Internet",""
"Interview",""
"Inventor",""
"Investigative Reporting",""
"Iraq War","Iraq"
"Isis",""
"Islam",""
"Island",""
"Ivy League",""
"Jazz",""
"Jews",""
"Jobs",""
"Joe Biden",""
"Journalism",""
"Journalist",""
"Julian Assange",""
"Kidnapping",""
"Labor",""
"Las Vegas","Nevada"
"Law",""
"Law Enforcement",""
"Lawsuit",""
"Lawyers",""
"Letters",""
"LGBT",""
"LGBTQ+",""
"Libertarianism",""
"Life",""
"Literature",""
"Local",""
"London","United Kingdom"
"Long Island","New York"
"Los Angeles","California"
"Loss",""
"Lost At Sea",""
"Love",""
"Love Story",""
"LSD",""
"Lynching",""
"Mafia",""
"Magazines",""
"Magic",""
"Making Of Movies",""
"Marathon",""
"Marijuana",""
"Marijuana Legalization",""
"Marines",""
"Mark Zuckerberg",""
"Marketing",""
"Marriage",""
"Mass Shooting",""
"Mathematics",""
"Media",""
"Medical Care",""
"Medicine",""
"Memoir",""
"Memory",""
"Men",""
"Mental Health",""
"Mental Illness",""
"#MeToo",""
"Miami","Florida"
"Michael Jordan",""
"Microsoft",""
"Middle East","Location"
"Migrants",""
"Migration",""
"Military",""
"Mining",""
"Missing Person",""
"Mitt Romney",""
"Mob",""
"Money",""
"Money Laundering",""
"Mormonism",""
"Motherhood",""
"Mothers And Daughters",""
"Mothers And Sons",""
"Mount Everest",""
"Mountain Climbing",""
"Movies",""
"MTV",""
"Muhammad Ali",""
"Murder",""
"Music",""
"Music Industry",""
"Musician",""
"Mystery",""
"NASA",""
"Nashville","Tennessee"
"Native American",""
"Natural Disaster",""
"Nature",""
"Nazi Germany","Germany"
"Nazis",""
"NBA",""
"NCAA",""
"Neighbors",""
"Netflix",""
"Neuroscience",""
"New Orleans","Louisiana"
"New York City","New York"
"New York Magazine",""
"New York Times",""
"The New Yorker",""
"Newspapers",""
"Newspapers & Magazines",""
"NFL",""
"Nofrontpage",""
"Norss",""
"Novel Excerpts",""
"Novelist",""
"NSA",""
"NSFW",""
"NYPD",""
"Oakland","California"
"Obsession",""
"Occupy Wall Street",""
"Ocean",""
"Oil",""
"Oil And Gas",""
"Old Age",""
"Olympics",""
"Online",""
"Opioid Crisis",""
"Opioids",""
"Oral History",""
"Organized Crime",""
"Osama Bin Laden","People"
"Other Favorites",""
"Other Sports",""
"Outdoors",""
"Outer Space",""
"Pain",""
"Painting",""
"Pandemic",""
"Parenthood",""
"Parenting",""
"Parents",""
"Paris","France"
"The Paris Review Interview",""
"Peter Thiel","People"
"People",""
"Pets",""
"Philadelphia","Pennsylvania"
"Phillipines","Location"
"Philosophy",""
"Photography",""
"Plane Crash",""
"Plastic Surgery",""
"Poetry",""
"Poison",""
"Poker",""
"Police",""
"Police Brutality",""
"Police Corruption",""
"Police Shootings",""
"Politicians","People"
"Politics",""
"Pollution",""
"Ponzi Scheme",""
"Pop Music",""
"Porn",""
"Pornography",""
"Poverty",""
"Power",""
"Pregnancy",""
"Presidential Politics",""
"Prison",""
"Privacy",""
"Profile",""
"Prostitution",""
"Protest",""
"Psychology",""
"PTSD",""
"Puerto Rico","Country"
"Race",""
"Racism",""
"Radio",""
"Rap",""
"Rape",""
"Real Estate",""
"Reality TV",""
"Reddit",""
"Refugee",""
"Rehab",""
"Relationships",""
"Religion",""
"Religious Ritual",""
"Reprint",""
"Restaurants",""
"Retail",""
"Revolution",""
"Rich People",""
"Riots",""
"Robbery",""
"Robots",""
"Rock",""
"Rock And Roll",""
"Running",""
"Rupert Murdoch","People"
"Rural America",""
"Rural Life",""
"Sailing",""
"San Francisco","California"
"Saturday Night Live",""
"Scam",""
"Schizophrenia",""
"School Shooting",""
"Science",""
"Science Fiction",""
"Scientology",""
"Seattle","Washington"
"Segregation",""
"Self Help",""
"Serial Killer",""
"Sex",""
"Sex Trafficking",""
"Sex Work",""
"Sexism",""
"Sexual Abuse",""
"Sexual Assault",""
"Sexual Harassment",""
"Sexual Identity",""
"Sexuality",""
"Shipwreck",""
"Shooting",""
"Shorts",""
"Siblings",""
"Silicon Valley","California"
"Slavery",""
"Small Town",""
"Soccer","Sports"
"Social Media",""
"Social Networking",""
"Social Networks",""
"Socialism",""
"Sociology",""
"Solitary Confinement",""
"Songwriter",""
"The South","United States"
"South America","Americas"
"Space",""
"Sponsor",""
"Sports",""
"Spy",""
"Spying",""
"Stand Up Comedy",""
"Startups",""
"Steroids",""
"Steve Jobs","People"
"Stories",""
"Suffering",""
"Suicide",""
"Supreme Court",""
"Surfing",""
"Surgery",""
"Surrealism",""
"Surveillance",""
"Survival",""
"Swimming",""
"Taliban",""
"Taxes",""
"Tea Party",""
"Teaching",""
"Technology",""
"Teenagers",""
"Television",""
"Tennis",""
"Terrorism",""
"Theater",""
"Theft",""
"Therapy",""
"Time",""
"Ontario","Canada"
"Toronto","Ontario"
"Torture",""
"Tourism",""
"Trains",""
"Transgender",""
"Translations",""
"Transportation",""
"Trauma",""
"Travel",""
"Trials",""
"Trolls",""
"True Crime",""
"Trump Administration",""
"Turkey","Country"
"TV",""
"Twitter",""
"Tycoons",""
"U.S. Military",""
"Uber",""
"Undercover",""
"Unemployment",""
"Unions",""
"Unsolved Murder",""
"Urban Planning",""
"Vaccines",""
"Very Long",""
"Veterans",""
"Video Games",""
"Vietnam War","United States"
"Violence",""
"Viral Video",""
"Virtual Worlds",""
"Virus",""
"Vladimir Putin","People"
"Wall Street","Finance, New York"
"War",""
"War Crimes",""
"Washington","U.S. State"
"Washington Culture","Washington D.C."
"Washington D.C.","United States"
"Water",""
"Weather",""
"Weddings",""
"Weed",""
"Whistleblower",""
"The White House","Washington D.C."
"Wikileaks",""
"Wilderness",""
"Wildfire",""
"Wildlife",""
"Wine",""
"Women",""
"Work",""
"World",""
"World Cup","Soccer"
"Wrestling","Sports"
"Writer",""
"Writers On Writing",""
"Writing",""
"Wrongful Conviction",""
"WWII",""
"Yemen","Country"
"Yoga",""
"Youth",""
"Youtube",""
"Territory","Location"
"Location",""
"Country","Location"
"U.S. State","Location, Territory, United States"
"Arizona","U.S. State"
"Arkansas","U.S. State"
"California","U.S. State"
"Colorado","U.S. State"
"Connecticut","U.S. State"
"Delaware","U.S. State"
"District of Columbia","U.S. State"
"Florida","U.S. State"
"Georgia","Country"
"Hawaii","U.S. State"
"Idaho","U.S. State"
"Illinois","U.S. State"
"Indiana","U.S. State"
"Iowa","U.S. State"
"Kansas","U.S. State"
"Kentucky","U.S. State"
"Louisiana","U.S. State"
"Maine","U.S. State"
"Maryland","U.S. State"
"Massachusetts","U.S. State"
"Michigan","U.S. State"
"Minnesota","U.S. State"
"Mississippi","U.S. State"
"Missouri","U.S. State"
"Montana","U.S. State"
"Nebraska","U.S. State"
"Nevada","U.S. State"
"New Hampshire","U.S. State"
"New Jersey","U.S. State"
"New Mexico","U.S. State"
"New York","U.S. State"
"North Carolina","U.S. State"
"North Dakota","U.S. State"
"Ohio","U.S. State"
"Oklahoma","U.S. State"
"Oregon","U.S. State"
"Pennsylvania","U.S. State"
"Rhode Island","U.S. State"
"South Carolina","U.S. State"
"South Dakota","U.S. State"
"Tennessee","U.S. State"
"Texas","U.S. State"
"Utah","U.S. State"
"Vermont","U.S. State"
"Virginia","U.S. State"
"West Virginia","U.S. State"
"Wisconsin","U.S. State"
"Wyoming","U.S. State"
"Afghanistan","Country"
"Albania","Country"
"Algeria","Country"
"American Samoa","Country"
"Andorra","Country"
"Angola","Country"
"Anguilla","Country"
"Antigua and Barbuda","Country"
"Argentina","Country"
"Armenia","Country"
"Aruba","Country"
"Australia","Country"
"Austria","Country"
"Azerbaijan","Country"
"Bahamas","Country"
"Bahrain","Country"
"Bangladesh","Country"
"Barbados","Country"
"Belarus","Country"
"Belgium","Country"
"Belize","Country"
"Benin","Country"
"Bermuda","Country"
"Bhutan","Country"
"Bolivia","Country"
"Bosnia and Herzegovina","Country"
"Botswana","Country"
"Bouvet Island","Country"
"Brazil","Country"
"British Indian Ocean Territory","Country"
"Brunei Darussalam","Country"
"Bulgaria","Country"
"Burkina Faso","Country"
"Burundi","Country"
"Cambodia","Country"
"Cameroon","Country"
"Canada","Country"
"Cape Verde","Country"
"Cayman Islands","Country"
"Central African Republic","Country"
"Chad","Country"
"Chile","Country"
"Christmas Island","Country"
"Cocos (Keeling) Islands","Country"
"Colombia","Country"
"Comoros","Country"
"Congo","Country"
"Congo, The Democratic Republic of The","Country"
"Cook Islands","Country"
"Costa Rica","Country"
"Cote D'ivoire","Country"
"Croatia","Country"
"Cuba","Country"
"Cyprus","Country"
"Czech Republic","Country"
"Denmark","Country"
"Djibouti","Country"
"Dominica","Country"
"Dominican Republic","Country"
"Ecuador","Country"
"Egypt","Country"
"El Salvador","Country"
"Equatorial Guinea","Country"
"Eritrea","Country"
"Estonia","Country"
"Ethiopia","Country"
"Falkland Islands (Malvinas","Country"
"Faroe Islands","Country"
"Fiji","Country"
"Finland","Country"
"French Guiana","Country"
"French Polynesia","Country"
"French Southern Territories","Country"
"Gabon","Country"
"Gambia","Country"
"Germany","Country"
"Ghana","Country"
"Gibraltar","Country"
"Greece","Country"
"Greenland","Country"
"Grenada","Country"
"Guadeloupe","Country"
"Guam","Country"
"Guatemala","Country"
"Guernsey","Country"
"Guinea","Country"
"Guinea-bissau","Country"
"Guyana","Country"
"Haiti","Country"
"Heard Island and Mcdonald Islands","Country"
"Holy See (Vatican City State","Country"
"Honduras","Country"
"Hungary","Country"
"Iceland","Country"
"India","Country"
"Indonesia","Country"
"Iran, Islamic Republic of","Country"
"Iraq","Country"
"Ireland","Country"
"Isle of Man","Country"
"Israel","Country"
"Italy","Country"
"Jamaica","Country"
"Japan","Country"
"Jersey","Country"
"Jordan","Country"
"Kazakhstan","Country"
"Kenya","Country"
"Kiribati","Country"
"Korea, Democratic People's Republic of","Country"
"Korea, Republic of","Country"
"Kuwait","Country"
"Kyrgyzstan","Country"
"Lao People's Democratic Republic","Country"
"Latvia","Country"
"Lebanon","Country"
"Lesotho","Country"
"Liberia","Country"
"Libyan Arab Jamahiriya","Country"
"Liechtenstein","Country"
"Lithuania","Country"
"Luxembourg","Country"
"Macao","Country"
"Macedonia, The Former Yugoslav Republic of","Country"
"Madagascar","Country"
"Malawi","Country"
"Malaysia","Country"
"Maldives","Country"
"Mali","Country"
"Malta","Country"
"Marshall Islands","Country"
"Martinique","Country"
"Mauritania","Country"
"Mauritius","Country"
"Mayotte","Country"
"Mexico","Country"
"Micronesia, Federated States of","Country"
"Moldova, Republic of","Country"
"Monaco","Country"
"Mongolia","Country"
"Montenegro","Country"
"Montserrat","Country"
"Morocco","Country"
"Mozambique","Country"
"Myanmar","Country"
"Namibia","Country"
"Nauru","Country"
"Nepal","Country"
"Netherlands","Country"
"Netherlands Antilles","Country"
"New Caledonia","Country"
"New Zealand","Country"
"Nicaragua","Country"
"Niger","Country"
"Nigeria","Country"
"Niue","Country"
"Norfolk Island","Country"
"Northern Mariana Islands","Country"
"Norway","Country"
"Oman","Country"
"Pakistan","Country"
"Palau","Country"
"Palestinian Territory, Occupied","Country"
"Panama","Country"
"Papua New Guinea","Country"
"Paraguay","Country"
"Peru","Country"
"Philippines","Country"
"Pitcairn","Country"
"Poland","Country"
"Portugal","Country"
"Qatar","Country"
"Reunion","Country"
"Romania","Country"
"Russian Federation","Country"
"Rwanda","Country"
"Saint Helena","Country"
"Saint Kitts and Nevis","Country"
"Saint Lucia","Country"
"Saint Pierre and Miquelon","Country"
"Saint Vincent and The Grenadines","Country"
"Samoa","Country"
"San Marino","Country"
"Sao Tome and Principe","Country"
"Saudi Arabia","Country"
"Senegal","Country"
"Serbia","Country"
"Seychelles","Country"
"Sierra Leone","Country"
"Singapore","Country"
"Slovakia","Country"
"Slovenia","Country"
"Solomon Islands","Country"
"Somalia","Country"
"South Africa","Country"
"South Georgia and The South Sandwich Islands","Country"
"Spain","Country"
"Sri Lanka","Country"
"Sudan","Country"
"Suriname","Country"
"Svalbard and Jan Mayen","Country"
"Swaziland","Country"
"Sweden","Country"
"Switzerland","Country"
"Syrian Arab Republic","Country"
"Taiwan, Province of China","Country"
"Tajikistan","Country"
"Tanzania, United Republic of","Country"
"Thailand","Country"
"Timor-leste","Country"
"Togo","Country"
"Tokelau","Country"
"Tonga","Country"
"Trinidad and Tobago","Country"
"Tunisia","Country"
"Turkmenistan","Country"
"Turks and Caicos Islands","Country"
"Tuvalu","Country"
"Uganda","Country"
"Ukraine","Country"
"United Arab Emirates","Country"
"United Kingdom","Country"
"United States","Americas, Country"
"United States Minor Outlying Islands","Country"
"Uruguay","Country"
"Uzbekistan","Country"
"Vanuatu","Country"
"Venezuela","Country"
"Viet Nam","Country"
"Virgin Islands, British","Country"
"Virgin Islands, U.S","Country"
"Wallis and Futuna","Country"
"Western Sahara","Country"
"Zambia","Country"
"Zimbabwe","Country"
